Income,Recency,Age,TotalSpendings,Children,MonthEnrollment
55635.0,34,44,590,1,26
67680.0,8,64,606,1,19
71613.0,26,50,776,0,17
62513.0,16,48,716,1,16
5648.0,68,65,49,2,10
58293.0,94,34,422,1,12
46610.0,8,63,302,2,27
76995.0,91,66,1782,1,22
58607.0,63,66,972,1,25
80011.0,3,35,1395,1,21
7500.0,19,40,31,1,15
28332.0,58,63,65,0,9
36138.0,48,45,151,2,18
42394.0,69,43,32,1,10
47823.0,0,55,72,1,18
52413.0,56,46,910,2,23
101970.0,69,32,1135,0,22
77376.0,72,59,661,2,8
41551.0,51,51,279,2,17
33762.0,61,56,106,3,18
49605.0,65,49,127,0,7
30523.0,0,57,13,3,18
50447.0,4,45,148,2,9
38872.0,93,27,91,1,20
83790.0,81,67,1615,0,14
34320.0,66,29,17,1,11
40737.0,24,58,17,3,13
43776.0,9,63,275,2,23
69267.0,31,62,1635,0,28
46377.0,89,37,90,1,10
22574.0,28,48,37,3,15
33996.0,46,26,71,0,16
22010.0,51,32,33,1,19
30675.0,14,43,62,1,26
46681.0,52,67,425,2,15
72025.0,27,53,1932,0,26
90300.0,7,36,1738,0,12
19789.0,24,40,78,1,14
37401.0,14,42,48,1,8
82584.0,26,41,1435,0,19
32011.0,89,44,122,1,17
42207.0,71,31,265,1,21
75261.0,17,60,1743,0,21
53790.0,86,64,542,2,10
61456.0,47,40,1388,1,22
37760.0,54,43,54,1,17
32233.0,26,41,296,1,29
83151.0,93,55,747,0,27
78952.0,11,57,2092,1,28
37040.0,41,33,316,0,29
72550.0,39,61,1319,2,26
79143.0,2,51,1693,0,29
85693.0,59,36,1169,1,21
24594.0,94,36,29,1,13
43974.0,19,35,551,1,25
30753.0,85,48,81,2,18
79607.0,37,31,1923,0,21
38547.0,49,34,22,1,17
74165.0,9,40,1293,0,20
52074.0,77,48,119,1,9
38285.0,96,56,10,3,7
74068.0,14,39,1581,0,22
24882.0,52,37,80,1,28
63693.0,63,37,1150,1,15
30732.0,44,35,185,1,24
61074.0,37,57,1102,1,29
45989.0,97,51,322,1,27
41728.0,92,47,55,1,20
38179.0,30,49,90,2,22
65640.0,74,41,461,1,10
30631.0,75,41,70,1,18
35416.0,62,66,390,0,19
39747.0,43,27,273,1,9
75693.0,10,47,1442,0,25
41411.0,11,29,139,0,13
33181.0,90,39,16,1,12
71952.0,93,29,1443,1,24
22585.0,23,45,81,0,22
75236.0,27,51,1068,1,14
30015.0,28,45,57,1,11
67272.0,12,49,733,1,13
50300.0,52,63,270,1,8
66582.0,83,46,1288,0,10
2447.0,42,36,1730,1,24
49389.0,55,64,65,2,17
7500.0,24,19,122,0,26
66653.0,18,40,612,2,28
66991.0,1,61,1253,0,28
54178.0,79,48,194,1,12
65486.0,29,58,507,1,8
86037.0,95,24,730,0,24
50785.0,27,53,114,2,16
55954.0,63,47,518,1,10
73448.0,10,46,725,0,11
52332.0,63,56,259,0,17
61823.0,26,63,884,1,23
80427.0,56,40,1835,1,28
25721.0,75,44,34,1,20
83837.0,79,67,1318,0,25
50150.0,32,32,410,0,19
16248.0,77,27,57,1,8
62981.0,21,48,1482,0,22
102160.0,54,38,1240,0,26
35860.0,37,42,49,2,8
69372.0,10,66,1381,0,23
48721.0,50,52,293,2,20
46097.0,11,59,241,1,22
53537.0,17,56,93,2,12
44377.0,70,47,264,2,27
38853.0,90,45,45,2,8
65176.0,57,46,1531,1,27
32303.0,63,45,39,1,10
26490.0,92,57,210,0,28
77622.0,3,45,714,2,9
64100.0,93,51,546,1,16
54198.0,13,49,235,2,13
75027.0,74,62,1390,1,24
47025.0,6,50,20,2,11
28839.0,86,59,32,2,10
27190.0,13,42,18,1,17
64325.0,41,54,1307,1,23
68682.0,56,24,1598,0,15
24072.0,79,32,23,1,21
53858.0,50,39,915,1,26
59292.0,71,65,507,1,19
61314.0,1,47,1008,1,21
81246.0,87,51,1379,0,13
82623.0,58,63,940,0,14
28442.0,53,37,57,2,11
36230.0,17,44,59,1,15
49269.0,92,44,890,1,29
70777.0,80,47,787,1,11
38961.0,60,42,70,1,13
55521.0,11,60,446,3,15
80134.0,11,21,1378,0,11
14045.0,24,46,20,1,12
76005.0,72,60,1722,0,23
93027.0,77,74,2119,0,21
18100.0,14,69,14,0,17
42618.0,92,43,192,1,15
70829.0,87,35,431,2,13
62010.0,93,43,530,1,27
43057.0,30,40,266,1,15
58308.0,77,51,900,1,24
60631.0,88,40,661,2,21
78497.0,44,64,978,0,13
57288.0,27,52,608,1,7
19510.0,63,30,30,2,16
9548.0,31,39,29,1,29
36921.0,74,50,38,2,18
65104.0,4,39,1053,1,14
61286.0,34,49,608,1,17
45759.0,13,51,68,2,23
45204.0,93,27,114,1,9
51369.0,84,39,576,1,27
51537.0,27,63,1103,1,25
37070.0,30,49,433,2,22
15033.0,37,64,19,0,9
80134.0,40,43,1690,1,20
63342.0,48,54,1101,1,27
44159.0,85,45,275,1,7
75278.0,17,63,930,0,24
66503.0,30,30,401,1,29
30372.0,33,44,44,2,25
38578.0,2,43,73,2,19
30279.0,13,26,37,1,25
31395.0,80,59,64,2,22
50437.0,28,52,490,2,27
49505.0,4,44,751,2,22
84865.0,1,54,1688,0,20
50943.0,49,59,46,1,19
60597.0,2,51,893,1,12
78642.0,83,44,1816,1,21
65275.0,9,71,746,0,21
40689.0,69,64,444,1,22
58138.0,58,58,1617,0,28
66373.0,57,37,606,2,19
46344.0,38,61,27,2,10
38360.0,26,26,131,1,20
75777.0,12,33,1438,0,18
74854.0,90,45,1562,3,21
90765.0,25,45,1724,0,12
68352.0,47,41,871,1,17
59354.0,59,62,459,2,9
30477.0,16,31,66,1,12
72460.0,56,46,1047,0,14
22212.0,49,40,69,1,13
23661.0,46,33,23,1,13
31160.0,59,40,64,1,16
33378.0,38,52,99,2,23
69867.0,30,29,925,0,21
63841.0,64,47,908,1,21
24480.0,46,34,102,1,23
51369.0,84,39,576,1,27
50898.0,88,59,859,2,24
27038.0,64,49,107,0,28
30833.0,33,64,28,2,18
62187.0,49,58,1283,0,18
27255.0,3,31,37,1,14
66334.0,82,59,1161,1,21
71113.0,95,58,835,1,13
60000.0,57,39,1277,1,25
78618.0,87,58,2153,0,28
29548.0,52,45,29,1,17
36143.0,33,34,19,1,10
75276.0,2,50,1040,0,28
92910.0,42,29,1795,0,9
65991.0,21,39,971,1,28
7500.0,59,39,61,0,26
18589.0,89,46,75,0,24
53359.0,4,39,257,2,20
75825.0,40,39,2209,0,27
23559.0,87,42,79,1,18
77298.0,46,36,969,1,14
54348.0,51,62,90,2,7
43482.0,83,49,88,3,14
66951.0,46,27,1117,0,14
18890.0,5,31,35,0,26
42011.0,46,37,189,1,22
15287.0,60,36,31,1,27
69674.0,46,47,845,2,20
60714.0,56,59,957,0,24
83003.0,18,50,1674,0,22
55212.0,65,46,1182,1,26
72099.0,18,41,1188,0,27
50737.0,61,60,99,1,20
54803.0,65,46,693,1,29
42373.0,83,41,163,2,17
27213.0,19,43,70,1,29
23616.0,76,33,79,1,26
30096.0,30,32,45,1,8
7500.0,96,29,36,1,23
56796.0,24,46,1001,1,23
38988.0,90,43,348,3,29
33183.0,46,40,120,1,11
41644.0,67,43,31,2,8
55842.0,19,38,518,1,8
65104.0,4,39,1053,1,14
60093.0,92,41,735,1,19
36550.0,74,37,577,1,23
21918.0,37,46,33,1,14
34176.0,12,27,89,1,8
62551.0,27,62,421,0,14
66835.0,21,69,1033,0,16
25271.0,45,32,50,1,25
69661.0,80,35,834,0,8
75922.0,60,47,1295,0,13
79761.0,32,57,605,1,15
29938.0,52,30,26,1,15
30899.0,35,41,33,1,27
61905.0,2,40,231,1,11
38361.0,74,46,137,1,13
16626.0,76,44,68,2,12
23976.0,68,31,66,1,13
42670.0,12,23,241,0,21
12571.0,86,39,53,1,12
54432.0,37,65,38,3,20
68655.0,95,27,1538,0,29
37717.0,31,37,25,1,26
51479.0,67,48,494,2,25
48178.0,69,40,254,2,27
75865.0,73,72,1242,0,10
18492.0,75,33,10,1,7
20130.0,99,41,34,0,10
89572.0,44,49,2059,0,28
66664.0,78,33,1289,0,28
80124.0,47,52,1495,0,7
33812.0,86,30,133,1,26
79941.0,72,39,984,0,7
70666.0,29,67,1076,0,13
50388.0,3,58,372,1,8
47916.0,72,55,606,1,26
34554.0,43,56,55,1,10
65846.0,68,70,1120,0,20
30992.0,83,39,43,1,21
62998.0,10,63,463,1,16
86111.0,73,53,1385,0,21
35688.0,94,42,211,3,29
78497.0,44,64,978,0,13
31353.0,24,38,31,2,13
40637.0,72,50,38,2,18
38590.0,65,44,22,1,20
7500.0,54,42,57,1,13
31686.0,31,51,17,2,7
38097.0,70,45,184,2,27
22070.0,11,45,67,1,15
29672.0,6,50,25,2,22
34421.0,81,41,30,1,18
44300.0,65,50,42,2,19
31615.0,82,39,51,1,22
46098.0,86,40,120,2,29
83664.0,57,47,1173,2,20
30351.0,19,41,46,1,19
75072.0,83,53,1073,1,24
46310.0,99,39,309,1,25
42429.0,99,42,67,1,11
79593.0,70,42,1366,0,8
49096.0,15,51,187,2,16
23957.0,47,40,68,1,27
23228.0,91,31,121,1,12
51650.0,81,39,191,1,8
46014.0,21,41,541,2,24
52195.0,2,37,17,3,8
73687.0,8,25,1627,0,14
37760.0,20,69,317,0,29
32414.0,11,31,52,0,18
55951.0,62,63,1374,1,29
42386.0,43,29,100,1,24
62187.0,38,46,636,1,10
27421.0,14,61,324,0,25
10245.0,32,44,41,1,20
43795.0,11,47,492,1,15
66465.0,1,60,1485,1,22
75433.0,28,26,1188,1,9
42387.0,42,26,684,1,27
84618.0,96,50,1672,0,14
33454.0,32,30,169,1,20
21994.0,4,58,22,1,25
82582.0,54,38,1617,0,7
75251.0,34,43,1890,0,29
29440.0,95,55,56,2,17
51813.0,37,43,63,2,21
33456.0,58,50,36,2,9
28249.0,80,54,43,0,7
66973.0,98,26,1282,0,20
79930.0,72,43,1753,0,29
64961.0,97,57,1009,1,25
22804.0,75,44,26,1,18
57912.0,34,50,916,1,10
69759.0,38,49,1029,0,15
62499.0,0,36,222,1,13
23442.0,71,28,27,1,25
30507.0,29,55,343,0,22
56223.0,72,67,156,1,13
57959.0,71,60,868,1,20
37406.0,18,35,17,1,15
62503.0,40,59,973,1,23
78825.0,35,51,895,0,28
55614.0,85,71,682,0,14
65324.0,0,61,544,1,12
40548.0,31,45,120,1,27
70287.0,30,49,1093,0,21
27938.0,31,27,29,1,9
26304.0,5,46,16,1,19
89058.0,18,55,850,0,25
32557.0,13,48,80,1,11
59809.0,36,39,877,2,27
61010.0,57,63,1021,1,27
64497.0,17,61,1804,1,28
77972.0,18,61,1101,0,10
70951.0,66,30,1198,0,20
69508.0,48,35,1135,1,26
37717.0,31,37,25,1,26
72940.0,13,45,981,0,19
66313.0,86,52,770,1,16
79946.0,19,49,1478,0,8
68627.0,45,33,825,0,24
38643.0,45,37,49,2,14
79530.0,64,55,1348,0,20
30822.0,92,46,51,1,19
33581.0,38,46,17,2,24
35688.0,94,42,211,3,29
46923.0,90,28,369,1,29
48686.0,8,62,20,3,13
51529.0,14,66,467,1,16
23295.0,72,56,20,0,18
70165.0,60,66,926,0,16
38415.0,91,37,44,2,24
55563.0,22,37,43,1,9
82800.0,23,69,1315,0,26
10979.0,34,26,30,0,8
67353.0,37,45,913,1,13
23718.0,76,39,81,1,16
20559.0,88,30,53,1,22
35790.0,54,38,72,1,24
88194.0,19,36,1274,1,10
65031.0,29,56,863,1,22
29760.0,87,30,165,1,29
81361.0,18,28,778,0,11
38557.0,17,37,145,1,25
71488.0,87,50,559,0,23
61331.0,42,57,632,2,22
92859.0,46,23,2077,0,27
65747.0,96,46,460,1,10
80317.0,64,60,1231,0,17
26091.0,84,58,89,2,11
46854.0,81,42,263,2,10
63887.0,38,53,1245,1,28
73455.0,98,47,2088,0,15
75702.0,77,48,1148,2,29
80124.0,47,52,1495,0,7
31788.0,15,32,60,1,10
29315.0,55,55,48,2,9
44319.0,18,40,37,2,9
35246.0,53,57,62,2,9
58821.0,44,59,728,1,15
80950.0,44,54,1213,0,22
70893.0,42,39,1508,0,23
40464.0,78,62,630,1,24
29999.0,22,29,160,1,23
68462.0,6,46,1670,0,25
35684.0,66,31,30,1,9
55707.0,91,62,428,1,13
50520.0,25,57,135,1,12
56937.0,81,34,906,1,29
41124.0,41,38,506,1,27
87195.0,35,56,1097,0,8
68126.0,40,24,1820,0,26
49967.0,4,57,306,1,18
70356.0,20,70,1706,0,26
80067.0,82,61,1600,0,16
86718.0,20,61,1270,0,24
69142.0,50,63,535,1,7
41443.0,79,38,482,1,9
62745.0,89,50,1117,1,22
102692.0,5,41,1112,0,21
77882.0,29,34,818,0,9
82497.0,32,35,1919,0,27
62204.0,38,55,946,2,28
52614.0,63,40,990,1,25
63810.0,45,49,1371,1,26
66426.0,14,54,1377,1,15
38823.0,56,66,114,1,29
51012.0,86,69,209,0,21
91065.0,33,34,1474,0,23
67309.0,76,48,1082,2,24
31880.0,13,45,15,1,27
59354.0,53,63,310,2,14
41850.0,51,35,96,2,25
37760.0,20,69,317,0,29
68657.0,4,69,1196,0,23
32474.0,0,48,11,2,8
40246.0,68,38,13,1,25
26326.0,12,39,18,0,16
56046.0,9,50,692,0,24
38620.0,56,52,318,0,20
56129.0,65,62,660,1,19
55375.0,3,38,162,1,15
44794.0,99,49,65,1,7
44551.0,24,61,285,1,17
81975.0,2,53,1588,1,24
14849.0,39,39,65,1,18
63381.0,78,55,1005,1,27
14515.0,71,35,96,1,26
65808.0,1,44,272,2,8
20518.0,58,27,25,1,8
28457.0,96,63,205,0,27
59432.0,88,53,663,1,21
26646.0,26,31,53,1,11
30351.0,19,41,46,1,19
63033.0,82,56,1102,0,14
17323.0,38,28,46,0,27
38620.0,56,52,318,0,20
48948.0,53,72,902,0,23
82384.0,55,60,1957,0,26
69096.0,4,57,653,1,16
23626.0,84,45,43,1,8
30096.0,30,32,45,1,8
41883.0,13,27,312,1,22
46344.0,28,43,429,1,25
60199.0,49,37,18,3,16
28718.0,78,33,57,1,18
51148.0,38,42,315,2,23
29604.0,88,27,53,1,13
67546.0,90,27,2126,0,29
18701.0,95,51,44,2,19
35388.0,20,27,32,1,22
77457.0,85,68,1157,0,10
40321.0,59,43,102,2,18
64795.0,23,44,680,1,24
35178.0,10,44,59,1,24
84835.0,0,45,1190,0,7
65073.0,65,72,900,0,17
19986.0,74,30,22,1,14
74293.0,66,22,1127,0,8
43824.0,18,44,186,2,28
15345.0,51,31,47,1,29
48006.0,55,50,41,2,7
10404.0,52,26,43,1,8
28691.0,56,26,34,1,18
30279.0,13,26,37,1,25
24027.0,7,39,48,1,19
67911.0,63,66,976,1,8
81217.0,77,26,1157,0,18
54058.0,56,39,662,1,19
65665.0,77,39,945,1,13
36443.0,9,54,138,2,23
71367.0,24,56,777,0,17
81169.0,47,40,2089,0,21
77863.0,20,57,1291,0,14
65316.0,65,53,260,2,21
19514.0,47,47,69,2,12
44989.0,26,41,369,1,28
61996.0,27,38,1230,1,24
45207.0,64,41,215,2,26
62466.0,13,45,889,1,12
76140.0,57,67,1348,0,8
45906.0,20,51,486,1,20
98777.0,23,55,2008,0,11
29187.0,43,47,34,1,20
77353.0,38,35,670,1,13
38946.0,84,60,257,1,15
66476.0,99,39,689,1,22
41335.0,24,47,187,1,13
67432.0,69,42,1335,1,22
35523.0,8,34,66,1,15
74985.0,8,38,1869,0,28
30467.0,8,43,24,1,10
62847.0,45,70,1612,0,24
80995.0,83,57,1482,1,20
81698.0,4,66,1008,0,14
16529.0,23,31,22,1,10
44602.0,35,46,292,2,11
39922.0,30,32,156,1,23
43462.0,50,63,240,2,28
48799.0,9,52,331,1,14
24762.0,16,43,86,1,11
47821.0,54,48,47,2,15
37087.0,50,41,401,1,17
39453.0,64,32,55,1,9
55239.0,59,44,779,1,18
61794.0,74,54,611,1,16
82025.0,76,32,1187,0,20
69882.0,94,50,1478,0,14
55282.0,9,45,235,1,13
53700.0,94,63,694,1,29
29103.0,38,30,48,1,29
59041.0,25,42,96,2,8
46734.0,86,49,223,3,15
40233.0,84,40,149,1,15
13084.0,29,63,29,0,14
82576.0,66,56,1910,0,29
47570.0,3,66,121,2,20
79689.0,65,39,1315,0,20
18988.0,43,31,16,1,8
72190.0,79,50,1947,0,23
44794.0,99,49,65,1,7
89891.0,17,24,836,0,21
66373.0,57,37,606,2,19
82224.0,83,51,902,0,12
72258.0,28,44,1525,1,16
55267.0,28,58,405,1,15
91820.0,72,29,1497,0,14
22063.0,43,43,55,1,17
48789.0,94,23,680,0,28
82504.0,2,55,1066,0,18
60474.0,25,36,1180,1,21
49514.0,61,40,369,1,13
30545.0,71,36,69,1,27
62450.0,61,56,995,1,12
35797.0,16,40,68,1,27
86429.0,10,54,1449,0,14
35641.0,11,43,178,1,18
73113.0,86,55,1001,0,13
72354.0,67,22,1228,0,21
24401.0,98,36,467,0,29
52597.0,69,53,578,1,8
46086.0,34,59,343,1,14
25315.0,46,38,54,1,14
34935.0,71,23,137,0,19
26095.0,77,25,42,1,19
70503.0,73,62,1727,0,28
15315.0,27,45,64,0,17
87771.0,61,56,1957,1,20
36959.0,56,34,62,1,15
53863.0,4,60,473,1,8
73691.0,58,44,1179,1,14
18690.0,77,56,60,0,25
66731.0,33,45,1029,1,28
76618.0,64,40,1511,0,25
45160.0,9,57,21,2,10
80395.0,62,60,1380,0,14
31626.0,12,37,86,1,20
33622.0,22,43,81,2,21
6835.0,76,58,137,1,25
20587.0,39,45,25,1,8
40780.0,30,39,377,1,28
21359.0,1,43,48,1,21
49494.0,46,43,385,1,21
81702.0,98,35,1633,0,28
15072.0,96,35,53,2,20
30843.0,43,49,35,2,8
38683.0,80,26,341,1,27
58917.0,10,46,282,3,22
60554.0,8,40,811,1,17
46106.0,84,39,54,2,8
15716.0,8,27,92,1,26
80573.0,85,44,1564,0,27
32880.0,76,29,42,1,25
54603.0,85,59,227,2,18
79800.0,65,60,1867,0,28
72298.0,52,66,939,0,10
84574.0,72,63,1375,0,19
73059.0,36,68,1095,1,17
58330.0,87,40,1064,1,13
86857.0,96,43,2114,0,28
75012.0,41,39,1027,0,12
71163.0,30,20,960,0,10
58512.0,25,51,1171,1,16
45889.0,42,35,46,1,18
49980.0,79,52,195,1,15
86857.0,96,43,2114,0,28
81320.0,61,57,928,0,23
85072.0,94,38,1423,0,9
95529.0,29,21,1990,0,25
53103.0,70,61,1085,1,16
24884.0,32,43,19,1,26
34824.0,65,20,23,0,10
42691.0,48,24,358,0,17
43638.0,37,46,201,1,29
39548.0,87,52,54,2,10
71499.0,12,44,795,1,19
38443.0,58,47,38,2,12
72906.0,79,60,1151,0,16
45006.0,90,71,266,0,18
22574.0,28,48,37,3,15
13624.0,93,39,36,1,24
65488.0,46,57,963,0,7
50616.0,71,65,67,1,9
56253.0,83,52,597,1,25
21063.0,34,28,59,1,16
36145.0,13,30,172,1,19
26518.0,33,66,57,2,21
78901.0,99,42,734,1,16
71427.0,26,37,614,2,10
56962.0,60,50,411,3,15
45072.0,74,67,284,3,15
17003.0,37,40,38,1,13
63564.0,0,61,1215,0,12
40662.0,0,36,92,1,22
46984.0,71,59,41,2,22
48192.0,76,57,1526,0,21
78353.0,51,56,1576,1,21
49166.0,17,41,368,1,19
23228.0,71,46,40,1,12
82072.0,67,45,2018,0,18
42243.0,34,56,55,2,13
48948.0,53,72,902,0,23
45684.0,37,44,28,1,13
57937.0,56,33,683,1,11
39771.0,92,38,50,1,13
56962.0,60,50,411,3,15
35704.0,54,63,94,2,12
52845.0,7,42,936,1,17
35791.0,94,50,35,3,20
54162.0,31,37,42,2,22
67445.0,63,41,1174,1,29
65777.0,87,48,1146,0,13
90247.0,27,27,1621,0,9
50272.0,75,33,233,1,17
74806.0,1,50,965,1,25
38702.0,71,37,109,1,17
75127.0,92,63,833,0,8
48726.0,90,60,242,1,21
65968.0,12,45,495,1,8
56628.0,30,38,761,1,10
82347.0,38,58,1853,0,26
51195.0,46,53,564,2,21
55260.0,81,43,1139,1,25
78331.0,97,57,1638,1,12
21846.0,38,29,84,1,15
75114.0,40,23,1253,0,14
42607.0,30,61,350,1,14
83033.0,82,29,1761,1,8
32892.0,78,44,46,1,8
46779.0,55,55,23,2,18
33462.0,78,36,54,1,17
75759.0,46,46,2486,0,15
53653.0,29,62,1210,0,26
48920.0,93,51,347,2,15
44124.0,62,69,397,1,20
47352.0,70,64,319,1,21
84169.0,9,33,1919,0,17
24683.0,98,25,41,1,10
79908.0,30,33,1772,0,21
38593.0,42,37,177,1,16
18978.0,41,42,37,1,25
48240.0,73,46,882,0,26
34487.0,94,38,103,2,28
63381.0,78,55,1005,1,27
77632.0,73,68,2252,0,22
49431.0,9,60,365,1,29
59304.0,81,51,1048,1,18
26751.0,26,41,11,2,8
68743.0,81,48,2074,0,29
77845.0,40,26,1346,0,8
42315.0,90,57,270,1,18
78468.0,29,55,1004,0,9
58398.0,44,62,596,0,20
17487.0,37,26,18,1,22
64108.0,8,62,1099,1,22
83844.0,57,63,1574,0,20
33697.0,34,45,28,1,16
58330.0,87,40,1064,1,13
78939.0,57,64,1507,0,13
17144.0,96,55,47,2,11
25130.0,10,35,50,1,15
34176.0,12,27,89,1,8
81205.0,43,45,2009,0,12
65324.0,0,61,544,1,12
19485.0,80,29,10,2,16
31814.0,73,42,83,1,23
26868.0,52,24,14,1,9
79632.0,42,41,1113,0,9
71796.0,54,44,960,0,15
54753.0,87,56,728,1,16
82170.0,13,37,1908,0,14
42021.0,34,34,573,1,29
48330.0,2,54,32,1,14
64355.0,66,30,1445,1,29
60152.0,6,36,943,1,22
27203.0,92,65,64,2,29
50943.0,49,59,46,1,19
25545.0,35,28,210,1,28
47682.0,80,40,521,1,23
22944.0,67,34,76,1,13
24221.0,94,56,55,0,17
30081.0,27,54,42,1,23
45837.0,88,41,373,2,18
54456.0,23,54,404,1,18
26490.0,92,57,210,0,28
52614.0,63,40,990,1,25
68118.0,51,52,928,1,15
61209.0,73,45,957,0,17
33249.0,11,40,112,1,23
70545.0,29,63,334,1,7
79146.0,33,48,564,2,9
40760.0,64,50,93,1,17
82017.0,58,58,729,0,26
73926.0,54,42,1580,0,22
61872.0,81,45,573,1,13
22507.0,67,61,570,0,26
87771.0,61,56,1957,1,20
57906.0,29,42,401,1,19
42395.0,35,34,182,2,9
36627.0,78,40,16,2,18
64090.0,8,59,797,1,17
52278.0,24,52,1198,1,24
85683.0,6,61,1789,0,10
30630.0,67,50,52,2,12
50353.0,72,38,442,0,7
72679.0,65,46,1168,1,16
28567.0,57,33,46,1,19
85620.0,68,51,1600,0,12
66565.0,80,53,1065,1,25
51287.0,10,47,182,2,9
26850.0,10,44,63,2,9
39684.0,41,31,81,1,27
17459.0,12,40,69,1,16
26150.0,61,59,28,3,22
72635.0,54,60,981,0,19
84196.0,56,40,1237,1,19
32218.0,27,55,93,0,11
46102.0,3,53,16,3,10
78710.0,42,38,1092,1,8
14661.0,88,59,26,0,24
35682.0,34,45,57,1,7
67430.0,6,28,1364,0,28
42720.0,9,50,654,2,21
56850.0,83,44,63,1,10
26872.0,0,34,72,0,15
93404.0,97,61,1616,3,20
37859.0,75,53,36,3,24
55412.0,65,39,63,2,14
85710.0,5,26,1062,0,20
86424.0,12,59,1226,0,9
76630.0,93,32,1003,0,12
54137.0,46,45,203,1,17
39858.0,67,46,95,1,24
74116.0,53,33,2052,0,13
25443.0,82,26,32,1,25
41021.0,12,46,64,1,25
59052.0,29,56,491,1,14
73454.0,95,28,1651,0,10
54880.0,57,37,795,1,22
81741.0,75,35,1572,0,19
52157.0,48,65,265,1,7
92163.0,25,40,2086,0,25
59973.0,47,43,382,0,16
26877.0,74,46,268,0,17
36975.0,50,37,33,1,13
62859.0,37,56,1307,1,25
105471.0,36,45,1724,0,24
43185.0,88,64,637,1,21
25851.0,45,37,48,1,23
58710.0,77,45,1185,1,22
35946.0,24,66,11,2,16
80952.0,20,46,1757,0,23
62220.0,55,43,1226,1,29
16813.0,49,65,50,0,18
34838.0,62,64,170,2,24
70123.0,27,32,1727,0,16
42835.0,64,44,595,2,19
17117.0,96,37,128,1,24
47889.0,94,41,67,1,12
78420.0,75,49,1453,0,19
89120.0,78,56,1924,0,10
21474.0,0,26,91,1,9
62466.0,13,45,889,1,12
47472.0,39,49,75,2,16
40689.0,69,64,444,1,22
62807.0,83,55,819,1,29
19986.0,74,30,22,1,14
59247.0,87,53,574,2,14
65295.0,19,35,664,0,13
45938.0,46,54,636,0,14
71022.0,30,37,1453,1,11
66375.0,96,67,948,1,14
35178.0,10,44,59,1,24
55250.0,49,50,903,1,27
59111.0,90,61,869,0,20
72025.0,46,66,1677,0,9
63855.0,28,37,1006,0,23
78285.0,13,27,1427,0,15
62058.0,52,59,450,1,20
72063.0,3,36,758,1,18
70421.0,98,61,767,1,7
73170.0,1,40,726,0,8
71391.0,50,59,1043,1,22
55357.0,66,30,727,2,23
43456.0,0,49,393,1,22
34469.0,58,67,62,2,8
64950.0,29,64,966,1,29
56067.0,51,53,725,1,18
14906.0,86,29,66,0,25
59754.0,96,50,475,1,25
44010.0,46,35,662,1,27
64587.0,49,61,108,2,7
26091.0,84,58,89,2,11
39665.0,97,34,216,1,20
80184.0,19,71,1902,0,10
49154.0,69,55,411,2,14
57954.0,52,38,493,2,7
44931.0,0,48,96,1,12
76982.0,19,48,1062,0,11
27159.0,33,42,21,2,10
27450.0,57,64,143,0,21
49618.0,77,49,129,2,24
21888.0,15,29,213,1,25
69084.0,43,45,1586,1,14
69476.0,3,46,1044,0,16
50611.0,98,55,493,1,27
7500.0,19,39,71,1,29
46891.0,91,50,183,1,16
51124.0,79,60,43,2,13
46524.0,70,54,177,1,21
45183.0,33,53,315,0,24
30772.0,89,39,20,2,10
65685.0,54,43,769,1,10
76412.0,15,35,1808,0,20
40049.0,61,41,290,1,26
55284.0,60,59,764,1,25
46374.0,1,41,446,1,10
51390.0,54,50,353,2,28
57100.0,19,42,409,0,13
74637.0,73,61,1650,0,20
46015.0,25,60,46,2,9
51563.0,60,28,1250,0,27
67893.0,31,40,995,1,27
52190.0,39,39,77,2,8
40706.0,37,47,81,3,24
4861.0,20,50,6,0,7
57247.0,50,63,232,1,17
24279.0,6,25,263,0,25
61250.0,49,56,730,1,25
47850.0,72,35,134,1,13
29298.0,60,64,11,2,16
47691.0,43,36,21,1,18
13260.0,48,45,49,2,17
31089.0,57,34,79,1,29
42429.0,99,42,67,1,11
31632.0,92,44,95,0,18
70971.0,28,55,1825,1,28
63120.0,53,65,1477,1,28
61278.0,87,62,165,1,12
81300.0,17,52,1241,1,27
41039.0,32,33,467,0,18
61923.0,94,54,126,2,18
53593.0,60,62,480,2,29
62882.0,26,46,1338,1,29
48767.0,79,65,63,3,12
51518.0,92,57,449,1,15
20425.0,5,29,57,1,27
43783.0,22,37,629,1,8
60161.0,17,50,1071,1,27
52750.0,72,60,860,1,23
57091.0,0,54,577,0,7
61346.0,34,37,989,1,15
68092.0,7,37,1281,0,13
45921.0,23,29,199,0,10
77583.0,93,37,1149,0,11
74293.0,66,22,1127,0,8
67536.0,45,45,1829,1,20
27922.0,80,36,41,1,8
42767.0,53,44,131,2,20
54237.0,48,58,361,1,21
50183.0,47,35,231,2,7
64449.0,70,26,805,1,11
61839.0,20,51,1895,0,29
22419.0,74,52,162,0,21
42169.0,20,46,30,2,15
30522.0,6,55,326,1,29
28769.0,76,38,191,1,25
70337.0,75,36,576,0,12
87305.0,19,55,1152,0,28
75507.0,56,36,1440,0,8
38829.0,86,56,99,1,9
74250.0,90,57,1158,0,12
71466.0,86,41,1230,0,9
31590.0,40,43,38,1,19
42564.0,28,47,813,1,24
19329.0,39,47,60,1,13
49681.0,66,39,458,2,14
59666.0,87,43,1027,2,22
56575.0,42,48,542,2,20
34026.0,11,65,76,2,17
7500.0,94,28,15,0,24
80812.0,95,62,1677,0,16
51111.0,83,34,55,2,7
46231.0,87,62,263,3,26
62820.0,51,61,976,0,20
44051.0,20,42,171,2,24
16927.0,50,39,53,2,23
84219.0,27,27,1198,0,11
65352.0,43,41,405,1,17
60504.0,73,44,526,1,11
42710.0,38,31,406,1,26
33039.0,4,37,78,1,16
33178.0,9,38,49,1,12
26224.0,39,37,63,1,19
83917.0,12,42,1587,0,21
46463.0,56,44,235,2,17
66886.0,28,57,599,1,16
25965.0,29,35,74,0,28
34824.0,65,20,23,0,10
71952.0,93,29,1443,1,24
25252.0,26,29,18,1,18
89694.0,22,42,1472,2,15
34941.0,26,59,97,2,22
41452.0,86,62,16,2,22
36283.0,42,39,29,2,9
51267.0,37,37,270,2,15
82716.0,8,71,1167,0,14
25804.0,34,37,55,1,16
22419.0,74,52,162,0,21
38576.0,2,42,41,1,10
37758.0,49,49,40,2,27
21675.0,55,39,45,1,7
84169.0,9,33,1919,0,17
68397.0,6,39,1416,1,14
68274.0,83,36,305,2,16
83715.0,2,53,926,0,11
75437.0,25,37,1493,0,14
38200.0,19,45,17,2,25
64413.0,27,45,279,1,17
23910.0,80,46,67,1,27
61467.0,69,67,594,2,25
30801.0,23,40,45,1,27
81168.0,84,50,1193,0,8
56181.0,6,53,393,1,24
45068.0,25,41,20,1,20
54690.0,76,44,198,2,14
83443.0,89,43,1497,0,13
72504.0,43,43,1478,1,21
35441.0,94,48,39,2,23
19419.0,76,34,70,1,26
61618.0,27,24,1345,0,28
53172.0,54,37,486,1,20
66825.0,73,48,858,0,18
46107.0,78,26,125,1,11
75127.0,92,63,833,0,8
64831.0,51,63,1120,2,19
94384.0,62,62,2302,0,22
70647.0,65,48,1079,1,28
92955.0,35,42,1778,0,17
33471.0,47,42,93,1,27
34596.0,48,41,23,1,21
63693.0,63,37,1150,1,15
80763.0,17,65,1415,0,17
35340.0,1,59,45,2,7
49187.0,63,39,116,1,12
65569.0,96,62,859,1,26
83844.0,57,63,1574,0,20
77568.0,30,36,2194,1,29
78028.0,38,59,528,1,28
36130.0,46,61,488,1,23
32173.0,0,57,22,1,17
38998.0,92,61,54,2,26
27590.0,38,33,12,1,21
76045.0,78,55,1323,0,14
15315.0,27,45,64,0,17
47025.0,98,37,635,1,16
49669.0,97,41,326,1,8
83145.0,14,41,1833,0,28
57304.0,61,64,1026,1,22
44375.0,73,50,301,1,10
23724.0,65,36,75,1,24
43641.0,50,46,139,2,21
15287.0,60,36,31,1,27
44421.0,53,44,189,2,23
28427.0,67,32,52,1,22
55249.0,81,59,130,1,9
28691.0,56,26,34,1,18
27683.0,90,37,351,1,29
31454.0,40,55,48,2,18
19656.0,94,45,84,1,23
40800.0,77,51,99,3,24
78687.0,13,32,2130,0,29
57091.0,82,43,496,1,26
43050.0,10,42,76,1,10
18227.0,21,28,28,1,26
80695.0,85,52,1918,0,13
57338.0,96,40,237,1,9
63915.0,2,59,789,2,18
26759.0,65,43,59,1,11
67087.0,40,62,794,1,13
69389.0,17,38,797,1,28
65492.0,73,56,1045,0,12
63206.0,65,41,928,0,10
53083.0,65,57,271,2,20
69283.0,41,40,904,1,7
51983.0,95,51,793,1,29
30983.0,50,52,167,0,26
37284.0,46,40,23,2,22
34935.0,71,23,137,0,19
64140.0,71,51,1750,2,16
62670.0,57,61,825,1,11
20193.0,18,24,82,0,26
27573.0,45,40,244,1,22
61064.0,80,39,1080,1,29
38175.0,6,31,153,1,16
83512.0,31,29,2157,0,7
37244.0,90,60,55,2,21
28389.0,49,68,28,0,26
29760.0,87,30,165,1,29
28973.0,59,38,269,0,27
71232.0,91,56,917,1,14
28520.0,55,55,43,2,19
36273.0,80,38,76,1,9
75702.0,87,41,1921,1,27
25293.0,51,46,37,1,16
78394.0,13,29,1428,0,23
29236.0,30,28,99,1,15
60208.0,13,42,656,2,27
30396.0,22,46,34,1,9
45759.0,13,51,68,2,23
29819.0,77,44,39,1,15
31535.0,95,35,51,1,16
20180.0,27,39,137,0,23
33585.0,91,49,122,1,16
42000.0,23,28,653,0,24
40479.0,95,33,15,1,17
79803.0,54,57,868,1,7
52034.0,67,42,332,2,20
72903.0,74,30,2013,0,15
49678.0,81,54,315,1,23
62710.0,53,43,606,1,20
28510.0,72,34,91,2,21
44393.0,86,50,60,2,17
78579.0,35,45,1812,0,25
75032.0,74,56,1215,1,21
38197.0,86,29,40,1,19
67433.0,51,63,992,2,18
39356.0,21,39,23,2,10
47139.0,2,63,83,2,10
23748.0,97,47,76,1,26
7500.0,5,37,57,2,25
37235.0,68,31,61,1,11
33316.0,34,44,131,2,15
35791.0,94,50,35,3,20
34578.0,1,43,8,3,9
82657.0,71,69,2283,0,16
41020.0,68,28,217,0,15
57072.0,79,54,1034,1,12
35765.0,86,25,75,1,13
78931.0,19,44,943,0,15
84219.0,27,27,1198,0,11
19740.0,65,55,55,1,22
42386.0,43,29,100,1,24
67445.0,63,41,1174,1,29
49681.0,66,39,458,2,14
82460.0,78,65,974,0,13
13724.0,43,27,58,1,29
17144.0,96,55,47,2,11
64509.0,19,25,1722,0,17
52854.0,43,56,116,2,10
39228.0,1,55,20,0,20
50334.0,24,43,694,1,18
72066.0,55,34,1792,0,7
34916.0,89,47,231,2,20
43602.0,45,49,68,2,12
18169.0,40,30,21,1,23
52117.0,55,50,279,1,29
35196.0,68,31,497,1,26
55761.0,97,51,184,1,9
44689.0,82,64,34,2,12
63159.0,74,41,1797,0,26
63207.0,68,23,1502,0,24
72159.0,62,37,1401,0,27
35701.0,36,56,46,0,22
59412.0,56,64,406,0,9
62694.0,29,50,749,2,19
80872.0,60,64,1336,0,8
46998.0,55,59,377,1,27
28071.0,65,35,313,0,29
36781.0,16,36,63,1,9
37334.0,44,57,62,2,11
68281.0,31,57,1655,0,29
69098.0,82,66,2440,0,23
17649.0,70,39,45,1,14
62845.0,3,66,1178,2,27
41014.0,65,37,20,1,21
32871.0,28,64,43,2,22
79456.0,12,59,1401,0,29
81698.0,1,32,1104,0,22
27803.0,40,42,176,1,29
79244.0,58,22,1216,0,25
33569.0,10,32,63,1,15
58482.0,59,60,731,1,10
57744.0,91,61,411,1,14
65706.0,77,45,1199,0,19
57513.0,59,72,1060,0,18
59594.0,74,50,499,1,27
14421.0,81,19,16,0,11
54386.0,8,34,470,1,20
42213.0,96,58,363,1,15
42160.0,26,40,140,2,19
73450.0,85,33,1804,0,13
71847.0,95,37,1192,0,28
46692.0,37,57,397,1,19
53034.0,30,41,447,2,20
54342.0,74,59,177,2,18
20895.0,24,42,45,1,27
22682.0,51,42,95,1,15
65685.0,54,43,769,1,10
65704.0,18,43,817,0,15
43269.0,61,43,19,1,16
78427.0,36,67,1930,0,27
52852.0,93,58,879,1,25
49476.0,29,52,795,1,19
23162.0,82,45,65,2,13
60585.0,17,44,736,2,19
74881.0,48,54,964,2,22
27161.0,41,29,52,1,15
36736.0,52,52,17,2,20
60482.0,81,39,507,1,24
32300.0,1,42,39,1,24
40442.0,52,63,169,2,29
90226.0,26,59,2352,0,28
17345.0,79,37,58,1,26
91700.0,58,44,1968,0,24
71855.0,59,38,1141,1,24
31353.0,24,38,31,2,13
25959.0,1,45,56,2,23
67023.0,93,37,906,0,10
22775.0,40,37,15,1,19
46610.0,4,57,467,0,18
44078.0,17,46,41,2,7
50014.0,9,47,396,1,12
71367.0,24,56,777,0,17
77766.0,97,48,1529,1,23
9722.0,7,42,103,1,27
80910.0,71,29,756,0,27
53187.0,66,45,267,1,15
82571.0,28,53,1686,0,9
38725.0,52,60,45,2,8
54466.0,78,42,16,2,11
85606.0,89,39,1956,1,26
21955.0,81,29,55,1,16
70596.0,68,30,968,0,27
42162.0,31,34,145,1,14
41580.0,15,37,92,2,25
80685.0,55,21,1004,0,29
68148.0,86,58,1042,0,17
33444.0,24,63,18,2,26
74290.0,70,44,1217,1,17
62000.0,25,63,1020,1,17
69063.0,16,49,928,1,26
84618.0,96,50,1672,0,14
26642.0,71,48,42,1,10
25707.0,18,31,21,1,12
69932.0,97,51,1049,1,19
66000.0,36,68,711,0,9
33051.0,15,56,835,0,29
55158.0,72,45,418,2,30
22148.0,16,32,49,0,9
83829.0,78,40,1862,0,15
33235.0,71,29,70,1,11
53378.0,41,52,793,2,28
72570.0,67,31,1089,0,9
78569.0,14,69,1736,0,11
61798.0,13,51,463,0,14
81843.0,13,55,1643,0,21
96843.0,60,25,1544,0,21
62845.0,3,66,1178,2,27
50150.0,32,32,410,0,19
57113.0,45,37,263,2,23
56559.0,46,40,484,1,25
76542.0,91,59,1483,0,22
50523.0,89,55,91,2,13
96876.0,79,38,1941,0,17
36790.0,14,32,66,0,22
29791.0,21,43,20,1,8
20491.0,16,29,30,0,24
22263.0,31,64,21,2,10
36408.0,11,66,22,2,16
49912.0,5,66,874,1,28
70379.0,84,39,860,1,22
57136.0,48,43,642,2,18
46772.0,88,40,1048,1,26
33039.0,4,37,78,1,16
27242.0,2,45,106,1,26
69930.0,21,44,1662,0,20
3502.0,56,42,5,1,21
51411.0,81,62,18,3,20
37054.0,89,48,25,2,16
75315.0,14,61,841,1,9
48432.0,3,42,424,1,27
36663.0,40,40,35,1,9
65526.0,22,51,506,1,9
69139.0,23,50,227,1,12
54414.0,49,52,211,2,24
36301.0,53,39,78,1,15
75774.0,27,34,823,1,8
58684.0,71,34,813,0,7
41473.0,80,30,76,1,19
70440.0,49,37,1572,0,15
38232.0,84,44,122,2,12
56534.0,35,47,815,1,18
42586.0,7,60,252,2,27
68695.0,3,46,1091,0,7
66835.0,21,69,1033,0,16
59481.0,47,40,461,1,15
70924.0,41,50,1363,0,9
63404.0,97,51,902,2,7
90369.0,2,59,1588,0,9
70713.0,23,49,1477,1,25
98777.0,23,55,2008,0,11
54111.0,97,50,388,1,17
47743.0,56,58,275,1,22
7500.0,61,36,18,1,29
82326.0,30,38,2257,0,10
74918.0,78,46,2047,0,22
44503.0,83,43,48,2,9
77297.0,84,58,789,0,24
70643.0,66,31,1828,0,27
84906.0,98,43,1631,0,15
68118.0,51,52,928,1,15
26997.0,89,64,434,0,26
48918.0,21,52,62,2,9
65169.0,23,33,1189,0,12
57420.0,22,44,322,1,19
44511.0,39,45,727,1,27
51876.0,88,57,310,0,15
73892.0,40,62,1507,0,14
64866.0,9,65,556,1,12
71706.0,16,56,1443,1,26
57036.0,33,40,1513,1,25
59235.0,4,48,1128,1,24
65819.0,99,37,1383,0,26
47175.0,81,53,240,2,27
34633.0,31,59,15,3,12
45143.0,74,50,311,1,17
51250.0,28,25,710,1,22
90273.0,32,24,1991,0,13
16653.0,10,36,69,1,9
70044.0,46,61,1504,1,23
54984.0,51,56,358,1,8
58086.0,80,46,792,1,24
67131.0,72,59,976,1,22
36075.0,54,32,119,1,13
79734.0,72,46,914,0,7
21840.0,80,32,27,1,18
80739.0,92,57,1633,0,20
11448.0,16,40,14,0,13
32889.0,78,47,55,2,16
49638.0,71,63,39,1,9
50616.0,56,47,149,1,9
34984.0,40,40,38,2,28
28320.0,68,65,43,1,24
83891.0,24,41,816,1,7
56551.0,48,65,138,2,8
72643.0,60,66,1429,0,23
96547.0,4,35,809,0,8
28587.0,42,37,78,1,11
32765.0,49,36,46,1,11
61416.0,25,33,1665,0,23
34109.0,39,44,22,1,14
80144.0,47,40,1367,0,16
54252.0,25,59,264,2,20
14188.0,40,43,75,0,23
25176.0,79,39,13,2,17
58692.0,21,50,395,1,9
29435.0,11,49,180,2,29
60896.0,90,51,1701,1,27
52914.0,32,44,575,1,24
19514.0,47,47,69,2,12
77037.0,3,55,1123,1,15
53312.0,32,64,278,0,17
83528.0,7,23,1650,0,8
64176.0,52,50,1826,1,29
59925.0,83,60,766,1,26
56775.0,62,36,937,1,24
71819.0,70,44,1574,1,17
63998.0,42,63,1168,0,13
67381.0,67,64,957,1,24
42693.0,29,37,57,1,7
26576.0,40,29,27,1,27
47353.0,93,55,225,1,14
67369.0,81,46,1461,1,26
58401.0,55,55,96,1,9
66636.0,64,58,1084,0,17
40451.0,54,58,49,2,11
77044.0,12,43,1065,1,15
41986.0,15,37,63,1,11
20427.0,63,42,10,1,10
74716.0,92,43,860,1,16
85485.0,73,57,1383,0,7
55956.0,22,71,999,0,9
64191.0,30,52,825,1,24
57183.0,51,49,610,2,22
49118.0,90,44,1229,0,29
65695.0,50,55,656,1,12
18393.0,2,41,50,1,10
18929.0,15,25,85,0,23
24367.0,58,33,24,1,22
52203.0,36,65,939,0,30
57045.0,40,65,454,1,28
36026.0,34,43,61,3,10
24639.0,3,42,44,2,12
60544.0,92,54,289,2,29
38410.0,65,41,534,0,28
16531.0,43,37,44,1,7
34380.0,68,38,175,1,20
94871.0,99,46,1078,2,28
60474.0,25,36,1180,1,21
19414.0,32,34,32,1,15
75484.0,50,39,1159,1,29
87679.0,62,27,2524,0,18
23331.0,92,27,103,1,28
31928.0,5,26,72,1,10
82800.0,23,69,1315,0,26
45203.0,4,33,147,2,10
78093.0,53,68,1105,0,13
70638.0,69,60,1334,0,19
54072.0,71,52,39,2,18
55434.0,21,31,882,1,15
54549.0,8,63,233,1,10
46681.0,52,67,425,2,15
69755.0,23,70,894,0,15
58494.0,56,41,396,1,13
82014.0,48,54,1511,0,29
50729.0,62,57,496,2,20
63246.0,60,48,772,2,17
36732.0,71,56,47,2,13
86610.0,66,64,1603,0,16
15862.0,26,36,36,1,19
49090.0,45,64,688,1,18
42033.0,95,44,25,2,28
70932.0,57,43,909,1,12
75903.0,50,64,901,1,21
73356.0,56,31,1512,0,11
23763.0,64,38,42,1,29
29478.0,59,39,20,1,12
25509.0,15,41,101,1,28
94472.0,75,57,1691,1,9
13672.0,86,55,25,2,21
41638.0,68,51,441,1,23
27943.0,89,48,37,2,21
36927.0,46,60,71,2,7
42192.0,40,67,100,0,16
65487.0,48,58,1169,0,12
41713.0,57,51,174,2,9
59686.0,78,50,274,1,12
62994.0,74,35,312,1,10
91172.0,94,25,1092,0,22
58554.0,55,47,586,2,28
76234.0,21,43,907,1,11
25224.0,36,43,46,1,10
18929.0,15,25,85,0,23
11012.0,82,31,84,1,22
56320.0,11,48,702,1,21
56337.0,25,34,724,2,22
37292.0,32,32,460,1,21
31859.0,3,35,48,1,11
62905.0,68,51,622,1,16
71853.0,29,33,1149,0,20
28249.0,80,54,43,0,7
42664.0,44,48,24,1,10
18701.0,95,51,44,2,19
63967.0,57,47,882,1,17
54809.0,0,38,174,2,16
30093.0,19,25,69,0,18
61825.0,56,36,424,1,17
60200.0,3,67,685,1,24
62772.0,74,46,946,1,20
73395.0,94,28,397,0,10
85738.0,41,37,1371,0,12
22979.0,29,45,115,1,28
63684.0,61,45,1464,1,26
76467.0,44,45,1575,1,29
76320.0,49,56,932,1,7
71128.0,80,42,1615,1,27
68487.0,48,27,1366,0,24
49912.0,5,66,874,1,28
82332.0,89,54,2006,0,28
61286.0,34,49,608,1,17
30992.0,83,39,43,1,21
16005.0,69,35,103,1,29
69209.0,4,43,1782,0,28
34176.0,9,40,28,1,12
60934.0,41,40,873,1,12
79174.0,2,40,2043,0,24
41769.0,31,60,521,1,23
22775.0,40,37,15,1,19
77610.0,70,63,1680,1,27
27889.0,42,38,26,1,18
22390.0,49,46,26,0,15
20425.0,5,29,57,1,27
33590.0,65,41,8,3,14
19346.0,26,41,22,1,12
29732.0,23,44,38,1,10
65487.0,48,58,1169,0,12
89616.0,36,32,1644,0,23
45146.0,28,52,53,2,18
36807.0,88,61,16,2,25
58025.0,81,36,470,1,14
24434.0,9,43,50,2,8
52869.0,40,61,172,2,27
30298.0,48,30,28,0,8
69719.0,99,41,801,0,8
90933.0,90,61,1685,0,10
77598.0,53,72,1735,0,15
36065.0,54,47,74,2,22
40887.0,32,63,161,2,20
34600.0,8,44,318,2,24
28420.0,36,48,13,1,13
65814.0,90,49,747,1,10
71964.0,81,57,1870,0,20
31761.0,96,31,98,1,9
64713.0,11,45,602,1,11
53367.0,2,41,400,2,17
65220.0,3,50,1282,0,28
36997.0,72,47,94,2,23
23539.0,13,58,81,0,11
42523.0,96,51,125,0,9
73807.0,88,37,849,1,24
35893.0,80,47,199,2,27
61014.0,17,35,1147,1,29
33562.0,33,52,51,3,7
70924.0,41,50,1363,0,9
31056.0,99,38,55,1,24
8028.0,62,24,178,0,28
34728.0,2,29,36,1,18
46734.0,40,61,330,1,26
16581.0,51,30,24,0,24
21282.0,76,37,46,1,8
33419.0,76,53,86,1,17
59184.0,6,54,1072,1,28
18351.0,1,25,43,0,15
68682.0,56,24,1598,0,15
33438.0,81,57,90,2,16
54730.0,64,40,405,1,17
77766.0,97,48,1529,1,23
90687.0,98,32,1779,0,20
66303.0,56,44,1286,1,23
94384.0,62,62,2302,0,22
40321.0,59,43,102,2,18
77382.0,36,47,1121,1,12
43263.0,2,38,441,1,26
70515.0,12,22,1258,0,15
58554.0,55,47,586,2,28
75154.0,79,57,1143,1,28
41335.0,24,47,187,1,13
21355.0,5,30,68,1,17
26907.0,10,39,22,2,17
36947.0,49,48,146,2,29
57537.0,83,36,545,1,19
31907.0,75,43,449,0,22
42523.0,96,51,125,0,9
39922.0,30,32,156,1,23
77343.0,28,50,1134,0,7
46015.0,25,60,46,2,9
76998.0,85,60,1910,1,24
32952.0,36,38,55,1,13
42014.0,56,38,436,1,29
82032.0,54,67,1234,0,9
70179.0,10,39,1034,1,18
38201.0,19,55,268,1,22
18793.0,14,44,77,1,24
47111.0,35,44,1092,1,28
19444.0,8,33,54,1,11
73059.0,36,68,1095,1,17
69084.0,43,45,1586,1,14
33228.0,28,35,71,1,12
62335.0,87,63,708,1,20
22108.0,46,38,31,2,8
23529.0,67,50,54,1,24
70321.0,6,68,1376,0,24
44989.0,26,41,369,1,28
51569.0,39,66,467,1,23
65370.0,1,31,461,0,17
34600.0,8,44,318,2,24
37697.0,82,39,84,1,11
72071.0,4,61,1338,1,23
57705.0,14,49,486,1,12
21024.0,89,39,84,0,18
52413.0,67,31,450,1,26
24882.0,52,37,80,1,28
34230.0,72,50,21,2,25
39898.0,20,61,134,1,23
54690.0,76,44,198,2,14
24570.0,97,31,193,1,23
51373.0,37,24,393,0,19
33168.0,0,50,122,1,27
75345.0,16,45,2087,0,23
56129.0,65,62,660,1,19
23091.0,98,52,48,2,8
20130.0,99,41,34,0,10
43140.0,68,58,235,1,24
81051.0,43,50,1501,0,8
40049.0,23,63,32,1,15
33249.0,11,40,112,1,23
26887.0,27,56,30,1,23
37971.0,97,42,30,1,14
54132.0,81,46,42,1,11
18690.0,77,56,60,0,25
40304.0,82,48,57,1,16
32727.0,38,50,529,0,29
83844.0,57,63,1574,0,20
42873.0,11,65,269,2,24
37697.0,82,39,84,1,11
23331.0,97,27,269,1,27
45903.0,80,49,66,1,9
35860.0,37,42,49,2,8
53843.0,64,50,562,1,19
28359.0,35,32,16,1,15
57100.0,9,28,311,1,8
51717.0,55,50,122,1,17
50002.0,21,61,638,1,19
30560.0,6,39,31,1,19
56386.0,51,34,612,2,27
58350.0,5,44,1001,1,24
64813.0,81,37,745,1,12
42403.0,18,44,42,1,13
81795.0,74,63,1382,0,27
75774.0,27,34,823,1,8
78416.0,99,39,1179,1,7
37070.0,30,49,433,2,22
7144.0,92,49,416,2,13
33316.0,34,44,131,2,15
44911.0,11,56,215,1,22
69109.0,10,33,1555,0,26
44155.0,24,58,46,2,12
52278.0,24,52,1198,1,24
77226.0,29,52,1138,1,11
53201.0,49,40,415,2,23
37284.0,46,40,23,2,22
25293.0,51,46,37,1,16
81929.0,60,39,2053,1,28
34587.0,68,62,22,2,8
35788.0,34,44,44,2,12
32146.0,16,32,66,1,8
50501.0,10,61,500,2,19
80617.0,42,20,1435,0,27
7500.0,7,36,53,1,20
56981.0,91,34,1241,0,12
68316.0,54,51,1211,1,26
88347.0,32,54,2116,0,18
54233.0,46,38,981,1,23
71691.0,0,57,1192,0,10
38578.0,2,43,73,2,19
37155.0,51,26,74,1,24
63285.0,84,70,1103,0,14
54197.0,16,55,237,1,9
35322.0,34,47,106,3,29
15056.0,76,57,88,2,20
36317.0,53,50,133,1,20
7500.0,63,23,119,1,25
65106.0,55,40,973,1,8
50200.0,70,39,401,2,21
71604.0,3,70,1196,0,14
88097.0,24,37,844,1,29
51948.0,51,40,311,1,16
69109.0,10,33,1555,0,26
59601.0,14,38,797,1,18
67267.0,0,57,251,1,8
38887.0,17,43,42,1,10
39996.0,85,41,15,2,8
43142.0,84,46,20,2,11
38741.0,60,57,61,2,10
27100.0,64,32,37,1,21
70038.0,54,33,1244,0,15
26290.0,49,43,77,2,24
79419.0,96,45,1631,0,7
57867.0,48,37,612,1,15
54108.0,74,42,747,2,26
73538.0,92,50,1658,1,26
20981.0,14,38,73,0,21
51766.0,74,35,275,1,10
37787.0,50,43,106,1,16
67786.0,0,56,1156,0,13
27215.0,50,54,102,3,24
79865.0,12,61,792,1,7
38998.0,92,61,54,2,26
90638.0,29,24,2525,0,11
76445.0,2,44,1410,1,28
92491.0,71,32,2034,0,20
74881.0,48,54,964,2,22
18690.0,77,56,60,0,25
45576.0,9,70,145,0,8
63342.0,48,54,1101,1,27
77298.0,46,36,969,1,14
82122.0,89,53,1382,0,17
52513.0,84,37,1149,0,28
22669.0,30,40,173,1,20
80336.0,12,45,1052,0,16
30538.0,27,44,367,1,27
72905.0,52,57,1515,0,12
86979.0,67,44,1702,0,14
61917.0,83,41,91,2,14
54998.0,3,59,455,1,22
54356.0,62,66,775,1,26
71670.0,8,53,1766,0,18
74485.0,58,68,1734,0,17
32632.0,32,52,576,0,29
38236.0,2,47,88,2,16
94642.0,35,64,2211,0,11
58646.0,3,53,140,1,19
67506.0,73,35,331,1,12
34445.0,92,34,839,0,24
34961.0,77,42,79,1,7
95169.0,1,28,1901,0,15
15038.0,93,28,80,1,24
79593.0,70,42,1366,0,8
76081.0,85,53,1033,0,8
65196.0,34,57,1155,2,18
61825.0,56,36,424,1,17
36778.0,63,47,77,2,29
85696.0,88,53,1313,0,20
77142.0,54,67,990,0,20
45894.0,15,41,51,2,11
54809.0,0,38,174,2,16
38452.0,62,60,72,2,10
37395.0,47,39,39,1,8
1730.0,65,44,8,0,8
39767.0,18,64,485,0,18
46831.0,84,46,78,2,19
71626.0,94,36,1305,0,26
74805.0,14,60,820,1,14
46094.0,62,42,44,2,7
6560.0,2,33,373,0,13
27244.0,84,36,101,1,10
62061.0,12,39,800,1,17
50725.0,45,62,586,1,23
65148.0,9,57,1115,1,26
62807.0,83,55,819,1,29
19107.0,49,35,46,1,17
87188.0,73,32,1923,0,19
30390.0,5,28,80,0,16
31859.0,77,39,20,1,19
24594.0,94,36,29,1,13
34213.0,2,52,117,2,28
35544.0,77,37,67,1,10
64892.0,77,39,902,1,8
49544.0,0,39,404,1,23
78789.0,12,35,1754,0,29
18222.0,70,25,67,0,25
18358.0,49,26,57,1,14
55012.0,85,42,660,1,10
55424.0,6,39,877,1,26
71107.0,61,64,1327,1,23
25509.0,15,41,101,1,28
85431.0,54,63,1165,0,19
42586.0,7,60,252,2,27
46757.0,71,52,1143,1,26
54693.0,72,53,929,1,23
54006.0,42,30,581,1,28
61671.0,23,47,732,1,7
36038.0,82,34,47,1,20
31878.0,7,38,70,1,7
91249.0,84,59,1676,0,27
22701.0,2,38,24,1,16
25410.0,48,42,38,1,17
51141.0,96,75,157,0,18
44359.0,19,37,45,2,7
4428.0,0,46,359,1,15
39791.0,89,44,174,1,22
43020.0,79,45,223,1,14
48794.0,97,62,54,2,7
67445.0,63,41,1174,1,29
34350.0,81,36,48,1,15
87000.0,61,23,961,0,25
37509.0,24,39,123,1,28
40590.0,30,46,258,2,15
20587.0,39,45,25,1,8
74538.0,21,44,1461,0,19
44529.0,98,49,691,1,18
16860.0,19,54,38,2,28
57236.0,22,50,121,2,10
38508.0,95,29,443,1,17
65463.0,17,41,562,1,12
66480.0,71,50,312,2,8
16269.0,75,31,44,1,17
39552.0,54,53,384,2,25
10979.0,34,26,30,0,8
21255.0,56,41,61,1,12
46049.0,11,39,515,2,18
33629.0,49,52,152,2,29
26228.0,50,42,25,1,16
61284.0,76,60,811,0,15
60894.0,61,49,832,1,19
64857.0,78,59,1540,0,26
45143.0,74,50,311,1,17
59060.0,77,26,274,1,12
37774.0,28,38,473,2,28
72828.0,17,53,1678,1,23
24711.0,86,33,58,0,9
35876.0,13,32,129,0,9
69139.0,23,50,227,1,12
17256.0,10,23,62,1,14
56243.0,26,40,396,3,13
36864.0,53,58,354,1,29
92533.0,84,30,1131,0,13
69401.0,41,42,690,1,10
46053.0,46,43,209,1,23
53374.0,34,46,1064,1,29
37401.0,14,42,48,1,8
74004.0,5,28,1658,0,11
76800.0,33,50,641,0,10
55517.0,53,65,633,2,28
81361.0,18,28,778,0,11
34968.0,11,35,221,1,21
31497.0,22,53,155,1,25
52569.0,54,48,95,1,9
12393.0,38,37,57,0,25
66664.0,78,33,1289,0,28
41154.0,98,37,69,1,21
82427.0,35,49,1456,0,10
30372.0,33,44,44,2,25
16014.0,42,36,38,2,22
41120.0,80,47,81,2,14
72117.0,34,38,1073,1,17
39435.0,16,42,102,1,17
49094.0,6,42,502,1,28
60839.0,72,36,1250,2,29
34074.0,69,63,255,2,18
53977.0,21,57,907,1,19
32313.0,60,33,159,1,23
27071.0,90,47,35,1,9
82733.0,28,31,1323,0,16
58217.0,84,64,103,3,26
70116.0,73,43,1536,0,24
69702.0,8,64,1039,1,23
57107.0,44,47,416,1,29
80982.0,48,56,1191,2,24
55212.0,65,46,1182,1,26
56939.0,19,39,561,1,16
48877.0,27,49,144,1,12
22434.0,25,28,58,1,23
28440.0,87,41,63,1,18
7500.0,98,30,100,1,29
75330.0,94,38,1109,2,27
38361.0,74,46,137,1,13
69520.0,95,32,1455,0,18
22123.0,77,55,102,0,10
56796.0,24,46,1001,1,23
71322.0,31,39,350,1,8
44953.0,31,34,1021,0,25
45736.0,92,61,437,1,18
66476.0,80,46,1013,1,13
31560.0,98,41,94,1,19
72071.0,4,61,1338,1,23
69263.0,14,50,568,1,10
38946.0,84,60,257,1,15
43322.0,25,41,141,0,9
61223.0,46,48,1341,1,19
33279.0,29,49,16,0,7
30368.0,97,38,52,1,14
68805.0,73,56,283,1,16
77027.0,23,63,1175,1,11
68117.0,80,68,930,1,22
29009.0,19,34,44,1,14
45057.0,80,36,50,1,13
70038.0,54,33,1244,0,15
48150.0,24,66,266,1,19
58275.0,48,60,615,2,19
74859.0,63,66,1565,0,19
71965.0,21,64,1213,1,18
57967.0,39,53,468,1,22
44802.0,71,45,1049,0,29
69245.0,8,59,843,1,12
30168.0,51,37,279,1,22
54165.0,72,46,236,0,20
61180.0,70,56,704,1,9
39722.0,92,62,47,1,11
87171.0,27,34,1298,0,20
54210.0,18,36,367,1,20
25930.0,87,48,15,2,15
22327.0,94,30,24,1,17
31497.0,22,53,155,1,25
63841.0,64,47,908,1,21
56721.0,64,43,296,2,27
34377.0,55,52,114,1,24
8940.0,25,29,101,1,29
22518.0,36,29,61,1,27
76624.0,68,53,899,1,8
69969.0,64,50,1536,0,17
33986.0,43,45,44,1,22
59868.0,37,43,1194,1,18
71434.0,4,53,1400,1,16
62159.0,68,69,634,0,9
50611.0,98,55,493,1,27
41658.0,30,40,72,2,26
63841.0,64,47,908,1,21
51039.0,11,46,417,2,25
37716.0,4,62,188,1,9
33402.0,60,63,70,2,18
93790.0,16,45,2349,0,11
57957.0,24,56,637,1,17
55759.0,84,53,854,1,26
58597.0,20,39,733,2,26
9255.0,91,26,22,1,13
66033.0,76,58,677,1,24
35196.0,68,31,497,1,26
47958.0,8,63,407,1,24
35860.0,37,42,49,2,8
68655.0,95,27,1538,0,29
41003.0,11,52,601,0,22
26907.0,10,39,22,2,17
84460.0,80,57,523,0,24
25358.0,57,68,32,1,18
50870.0,13,63,63,1,7
22554.0,38,60,41,2,26
36262.0,24,32,426,0,16
38452.0,62,60,72,2,10
18746.0,41,23,64,1,8
48526.0,32,36,135,1,13
56715.0,52,41,1020,0,25
60230.0,78,59,1067,1,20
40344.0,48,41,218,1,15
44392.0,71,41,211,2,16
54959.0,55,54,1232,1,24
78075.0,72,43,988,0,9
38513.0,20,33,324,1,12
44213.0,48,63,152,2,14
79146.0,33,48,564,2,9
62972.0,39,60,587,1,29
77437.0,70,52,1125,0,14
69901.0,95,46,882,1,20
76653.0,91,46,2279,0,17
46904.0,20,48,253,2,26
38808.0,21,43,246,1,29
48918.0,21,52,62,2,9
37633.0,49,58,38,2,28
58582.0,15,33,763,1,16
23148.0,83,30,37,0,11
44267.0,48,45,310,2,23
76532.0,38,40,820,2,16
42081.0,86,33,382,1,23
45503.0,54,40,170,1,16
90842.0,57,67,1424,0,18
18929.0,15,25,85,0,23
70792.0,82,64,1272,0,23
50127.0,88,53,320,1,8
38136.0,69,37,103,1,21
58116.0,38,59,443,1,9
72968.0,8,52,1958,0,13
46390.0,56,60,222,1,8
92344.0,9,67,1899,0,12
43815.0,53,33,79,1,21
40059.0,82,31,414,1,16
44964.0,35,35,41,2,25
60689.0,23,64,639,1,19
80589.0,25,71,1428,0,12
63810.0,45,49,1371,1,26
53154.0,50,56,158,1,7
65308.0,60,42,1211,0,16
28164.0,23,45,78,1,20
34596.0,48,41,23,1,21
81044.0,0,68,1208,0,13
42554.0,93,37,41,2,24
31163.0,54,42,38,1,11
78041.0,93,44,1319,0,25
30828.0,16,35,56,1,15
58646.0,3,53,140,1,19
67419.0,29,45,1471,1,24
43018.0,46,41,133,1,14
39898.0,20,61,134,1,23
59892.0,26,45,87,1,14
53253.0,61,40,436,2,23
31163.0,54,42,38,1,11
53977.0,21,57,907,1,19
79529.0,1,29,1638,0,9
57530.0,68,64,92,1,15
39922.0,30,32,156,1,23
44322.0,30,30,92,1,7
81574.0,89,68,1798,0,9
60432.0,61,42,401,1,10
52973.0,92,59,1152,1,26
42731.0,64,46,244,1,15
59821.0,11,60,734,1,21
56551.0,48,65,138,2,8
33996.0,46,26,71,0,16
37929.0,49,30,265,0,18
80141.0,20,29,2091,0,24
24336.0,82,34,31,1,29
73705.0,86,64,1695,2,10
77520.0,30,56,1526,1,17
46910.0,36,51,68,2,10
47808.0,30,40,224,1,15
42473.0,72,39,144,2,11
62535.0,13,60,398,1,15
59385.0,85,64,185,2,21
50387.0,91,59,525,2,17
62568.0,99,53,953,1,9
86836.0,7,40,557,0,28
64260.0,1,54,1574,0,24
70886.0,65,44,960,1,15
34738.0,51,31,20,1,8
26067.0,49,41,56,1,14
53233.0,18,58,40,1,10
84117.0,60,59,1566,0,8
73803.0,61,58,1528,1,29
8820.0,52,63,35,2,22
55593.0,63,42,546,1,17
28427.0,67,32,52,1,22
82032.0,54,67,1234,0,9
36930.0,50,61,297,1,20
46423.0,6,43,92,2,16
34053.0,14,47,103,1,28
20180.0,27,39,137,0,23
28647.0,54,37,94,1,17
47703.0,95,62,655,1,20
72228.0,87,63,1250,0,26
65526.0,22,51,506,1,9
66294.0,68,50,967,0,10
36715.0,16,44,357,1,26
43776.0,77,32,23,1,8
39190.0,91,41,133,1,9
22634.0,47,49,96,0,24
46931.0,94,38,78,3,9
68142.0,96,51,1459,1,29
66726.0,61,58,438,2,12
46891.0,91,50,183,1,16
51412.0,42,57,195,1,13
65748.0,58,60,545,1,21
64722.0,47,44,805,1,8
40521.0,82,47,21,2,21
74190.0,49,40,641,1,8
45579.0,10,67,183,1,17
37368.0,4,40,30,1,13
46149.0,36,40,362,1,14
52531.0,68,44,794,0,25
39660.0,36,33,299,1,29
69627.0,35,53,861,1,22
47025.0,52,39,415,1,14
48904.0,1,55,371,1,25
53761.0,7,43,325,2,15
60544.0,92,54,289,2,29
80134.0,40,43,1690,1,20
34853.0,75,42,34,2,13
31086.0,79,36,48,2,20
64014.0,56,69,444,3,7
49667.0,35,60,1396,0,29
46098.0,86,40,120,2,29
71969.0,59,44,1086,1,27
63943.0,50,59,1106,1,28
76081.0,85,53,1033,0,8
75283.0,26,58,1019,3,22
42014.0,56,38,436,1,29
36108.0,68,31,339,1,15
27116.0,78,54,41,2,10
22448.0,86,33,55,1,11
36634.0,0,61,335,1,20
23536.0,53,32,10,1,7
49413.0,88,63,304,1,15
42231.0,99,46,37,2,10
17688.0,82,36,11,1,24
75342.0,38,57,563,1,20
13533.0,45,36,48,1,22
36802.0,23,35,20,1,7
64590.0,98,47,1338,0,27
34026.0,11,65,76,2,17
37758.0,49,49,40,2,27
72282.0,70,64,1331,0,18
32583.0,10,54,9,2,7
44635.0,25,44,68,2,15
62972.0,39,60,587,1,29
22280.0,85,40,13,1,20
23830.0,3,28,43,0,11
31158.0,62,30,72,1,24
49160.0,29,66,236,1,15
60491.0,81,44,1028,1,16
42557.0,98,41,270,1,29
32892.0,78,44,46,1,8
85844.0,62,42,1958,0,8
70566.0,4,47,757,1,15
86358.0,78,49,1722,2,29
79410.0,19,54,1370,0,8
48985.0,13,47,75,1,18
81657.0,69,46,1097,0,12
74214.0,3,25,1711,0,29
90638.0,29,24,2525,0,11
26954.0,17,44,17,1,8
70091.0,11,46,1161,1,22
58113.0,66,56,758,1,24
61559.0,8,50,530,1,18
59062.0,74,48,71,3,15
15759.0,12,59,17,0,16
34043.0,97,37,49,1,15
48752.0,8,46,316,2,25
71853.0,29,33,1149,0,20
47352.0,70,64,319,1,21
36957.0,43,62,152,2,28
34412.0,62,25,209,1,23
51315.0,45,67,222,0,11
70844.0,16,48,294,2,15
68695.0,3,46,1091,0,7
43300.0,87,44,180,1,27
28072.0,10,29,47,1,18
41145.0,20,65,13,2,11
68487.0,48,27,1366,0,24
28087.0,77,57,112,2,25
46098.0,86,40,120,2,29
24645.0,16,27,17,1,26
63972.0,93,51,1269,1,25
61482.0,39,50,299,0,7
74268.0,83,60,892,0,23
33955.0,92,40,270,1,17
57136.0,18,48,1179,0,20
81217.0,77,26,1157,0,18
61787.0,71,28,1319,0,18
41437.0,5,58,32,2,28
80360.0,56,66,2231,0,22
39763.0,9,44,167,1,17
77981.0,78,43,664,1,20
51012.0,86,69,209,0,21
48186.0,39,41,219,1,10
57333.0,55,61,1662,1,28
67546.0,90,27,2126,0,29
62820.0,51,61,976,0,20
34242.0,25,56,15,1,10
55686.0,27,49,982,1,23
70179.0,10,39,1034,1,18
51651.0,32,55,433,1,26
76068.0,67,40,1376,1,26
53204.0,40,39,45,2,10
72217.0,93,53,1573,0,21
84906.0,98,43,1631,0,15
41275.0,33,55,61,3,10
63516.0,30,42,300,2,18
42769.0,15,53,88,1,15
90000.0,91,31,1479,0,13
65210.0,25,60,731,1,10
44325.0,69,43,542,1,22
32144.0,76,61,54,2,10
23477.0,39,29,147,1,15
32644.0,38,42,413,1,24
39146.0,1,29,165,1,23
71322.0,57,50,1305,1,23
29672.0,6,50,25,2,22
55801.0,35,40,527,2,16
69805.0,50,63,1038,1,12
50116.0,68,58,66,2,7
65333.0,58,42,798,1,12
15253.0,13,23,29,1,15
81380.0,51,48,1893,0,25
82347.0,38,58,1853,0,26
75777.0,12,33,1438,0,18
38196.0,20,44,44,2,9
64504.0,81,62,1314,3,22
33564.0,51,49,71,1,7
37126.0,9,44,72,1,10
28764.0,16,49,12,2,7
27100.0,64,32,37,1,21
70596.0,68,30,968,0,27
67605.0,84,28,938,0,22
22304.0,91,59,18,0,29
24163.0,3,45,17,2,15
83829.0,78,40,1862,0,15
30023.0,28,43,61,1,10
76773.0,79,61,1156,0,23
31605.0,15,36,125,1,26
54450.0,0,59,684,2,28
54450.0,0,59,684,2,28
48070.0,33,65,504,1,24
62307.0,94,63,160,1,11
50965.0,87,59,685,1,23
40211.0,30,34,87,2,18
35860.0,37,42,49,2,8
83151.0,80,43,2346,0,23
22804.0,75,44,26,1,18
42997.0,91,38,15,2,13
60033.0,28,61,198,1,10
57811.0,49,49,802,1,19
27238.0,39,53,57,2,21
47009.0,89,50,448,1,15
85696.0,88,53,1313,0,20
56242.0,72,46,971,1,22
75507.0,56,36,1440,0,8
22634.0,47,49,96,0,24
21645.0,75,36,65,1,28
34704.0,65,49,40,1,21
64857.0,78,59,1540,0,26
49854.0,63,43,380,1,14
75794.0,33,28,1682,0,13
44512.0,57,55,32,2,17
50664.0,64,56,561,2,24
35924.0,56,46,34,2,10
72635.0,54,60,981,0,19
69016.0,61,45,1533,1,26
86580.0,72,32,746,0,23
58656.0,25,59,1220,1,28
54222.0,98,42,264,1,10
80398.0,92,49,1597,0,26
20194.0,64,36,47,1,25
84953.0,73,62,1024,0,19
65735.0,37,50,395,2,13
4023.0,29,52,9,2,7
25008.0,72,27,34,1,11
83257.0,56,20,1365,0,28
88420.0,87,26,2069,0,8
59292.0,71,65,507,1,19
67384.0,32,45,1490,1,26
80573.0,85,44,1564,0,27
70617.0,45,45,1280,0,19
64474.0,59,43,823,1,15
39062.0,28,32,44,1,10
79205.0,73,40,895,0,29
24206.0,66,45,25,1,22
83273.0,98,45,1392,3,28
23478.0,51,50,129,0,22
70300.0,89,40,1596,1,18
45688.0,20,47,306,1,12
92556.0,32,55,1263,0,9
77870.0,93,48,1815,1,29
67472.0,93,68,414,1,16
29543.0,47,47,63,2,9
34529.0,94,39,162,1,28
70053.0,38,50,1012,1,18
91712.0,47,68,2217,0,15
46423.0,6,43,92,2,16
48195.0,53,59,265,2,12
23272.0,29,62,46,0,15
67225.0,4,60,868,1,14
55914.0,32,40,1260,1,21
60905.0,27,65,392,1,13
38680.0,97,31,79,1,22
49767.0,92,24,692,0,20
37150.0,80,44,467,1,28
59462.0,29,65,1088,1,24
54591.0,63,66,519,1,17
42000.0,23,28,653,0,24
72967.0,1,45,497,1,25
62637.0,76,61,185,1,10
78499.0,12,58,1334,0,14
67716.0,8,55,1016,1,24
16185.0,71,25,106,1,17
38054.0,24,65,45,2,8
57642.0,24,45,679,1,12
27733.0,16,34,57,1,17
72309.0,64,39,1931,0,22
40590.0,30,46,258,2,15
47320.0,10,58,414,1,17
48432.0,3,42,424,1,27
27469.0,2,68,17,0,29
14918.0,52,52,43,1,25
5305.0,12,39,32,1,18
40101.0,73,30,415,1,27
64014.0,56,69,444,3,7
64849.0,42,58,1336,0,26
21059.0,40,33,44,1,12
63211.0,3,33,1173,0,26
72335.0,2,39,2092,0,29
76842.0,37,65,1130,0,8
40794.0,18,40,434,1,21
31385.0,56,31,27,1,25
21994.0,4,58,22,1,25
30261.0,75,43,22,3,28
48699.0,90,65,40,2,20
67911.0,63,66,976,1,8
14796.0,1,31,51,1,28
78128.0,89,41,1264,1,11
53230.0,86,59,732,1,29
82333.0,60,29,1822,0,22
49572.0,25,57,54,2,13
30560.0,6,39,31,1,19
26487.0,23,37,69,1,20
37085.0,65,40,61,2,7
57731.0,0,46,704,1,26
88325.0,42,34,1623,0,11
63777.0,87,36,653,2,22
34421.0,81,41,30,1,18
67046.0,92,64,993,1,24
71866.0,85,59,715,1,13
79823.0,6,56,1518,1,10
25818.0,51,44,28,1,27
43586.0,26,35,132,1,29
17148.0,80,39,68,1,12
41967.0,66,34,54,2,14
40851.0,63,44,59,2,23
48432.0,3,42,424,1,27
26816.0,50,29,22,0,29
